campaign,campaign_slug,category,title,slug,status,has_image,cover_image_url
Ghosts of the Wayline,gotw,characters,Abra Drake,abra-drake,active,no,
Ghosts of the Wayline,gotw,characters,Broker Ashek,broker-ashek,active,no,
Ghosts of the Wayline,gotw,characters,Commander Idris Ohe,commander-idris-ohe,active,no,
Ghosts of the Wayline,gotw,characters,Director Maron,director-maron,active,no,
Ghosts of the Wayline,gotw,characters,Dr. Priya Nen,dr-priya-nen,active,no,
Ghosts of the Wayline,gotw,characters,Governor Ritam al'Malklaith,governor-ritam-almalklaith,active,no,
Ghosts of the Wayline,gotw,characters,Guild Examiner Dross,guild-examiner-dross,active,no,
Ghosts of the Wayline,gotw,characters,Orin Vess,orin-vess,active,no,
Ghosts of the Wayline,gotw,characters,Sera Vael,sera-vael,active,no,
Ghosts of the Wayline,gotw,characters,The Archivist,the-archivist,active,no,
Ghosts of the Wayline,gotw,characters,The Remembrancer,the-remembrancer,active,no,
Ghosts of the Wayline,gotw,characters,Wren,wren,active,no,
Ghosts of the Wayline,gotw,factions,Factions: Criminal & Fringe,factions-criminal-fringe,active,no,
Ghosts of the Wayline,gotw,factions,Factions: Hegemony,factions-hegemony,active,no,
Ghosts of the Wayline,gotw,factions,Factions: Weirdness,factions-weirdness,active,no,
Ghosts of the Wayline,gotw,factions,The Cobalt Syndicate,the-cobalt-syndicate,active,no,
Ghosts of the Wayline,gotw,factions,The Cult of the Stellar Flame,the-cult-of-the-stellar-flame,active,no,
Ghosts of the Wayline,gotw,factions,The Hegemony,the-hegemony,active,no,
Ghosts of the Wayline,gotw,factions,The Hidden Faction,the-hidden-faction,active,no,
Ghosts of the Wayline,gotw,jobs,Break the Dock,break-the-dock,draft,no,
Ghosts of the Wayline,gotw,jobs,Dead Man's Bounty,dead-mans-bounty,draft,no,
Ghosts of the Wayline,gotw,jobs,Extraction: Voluntary,extraction-voluntary,draft,no,
Ghosts of the Wayline,gotw,jobs,Ghost Ship Drift,ghost-ship-drift,draft,no,
Ghosts of the Wayline,gotw,jobs,The Silent Cargo,the-silent-cargo,draft,no,
Ghosts of the Wayline,gotw,jobs,The Wedding Job,the-wedding-job,draft,no,
Ghosts of the Wayline,gotw,locations,Aketi,aketi,active,no,
Ghosts of the Wayline,gotw,locations,Amerath,amerath,active,no,
Ghosts of the Wayline,gotw,locations,Baftoma (The Husk),baftoma-the-husk,active,no,
Ghosts of the Wayline,gotw,locations,Indri,indri,active,no,
Ghosts of the Wayline,gotw,locations,Lithios,lithios,active,no,
Ghosts of the Wayline,gotw,locations,Mem,mem,active,no,
Ghosts of the Wayline,gotw,locations,Nightfall,nightfall,active,no,
Ghosts of the Wayline,gotw,locations,Outpost SB-176,outpost-sb-176,active,no,
Ghosts of the Wayline,gotw,locations,SB-176,sb-176,active,no,
Ghosts of the Wayline,gotw,locations,Shimaya,shimaya,active,no,
Ghosts of the Wayline,gotw,locations,Sonhandra,sonhandra,active,no,
Ghosts of the Wayline,gotw,locations,System: Brekk,system-brekk,active,no,
Ghosts of the Wayline,gotw,locations,System: Holt,system-holt,active,no,
Ghosts of the Wayline,gotw,locations,System: Iota,system-iota,active,no,
Ghosts of the Wayline,gotw,locations,System: Rin,system-rin,active,no,
Ghosts of the Wayline,gotw,locations,The Cove,the-cove,active,no,
Ghosts of the Wayline,gotw,locations,Vos,vos,active,no,
Ghosts of the Wayline,gotw,locations,"Vos ""Glimmer""",vos-glimmer,active,no,
Ghosts of the Wayline,gotw,locations,Warren,warren,active,no,
Ghosts of the Wayline,gotw,lore,The Guilds of the Hegemony,the-guilds-of-the-hegemony,active,no,
Ghosts of the Wayline,gotw,lore,The Precursors & Ur Artifacts,the-precursors-ur-artifacts,active,no,
Ghosts of the Wayline,gotw,lore,The Procyon Sector,the-procyon-sector,active,no,
Ghosts of the Wayline,gotw,lore,The Way & Mystic Cults,the-way-mystic-cults,active,no,
Ghosts of the Wayline,gotw,lore,Xenos of Procyon,xenos-of-procyon,active,no,
Vecna: Eve of Ruin,vecna,chapters,Appendix C: Secrets Tracker,appendix-c-secrets-tracker,draft,no,
Vecna: Eve of Ruin,vecna,chapters,Chapter 10: The War of Pandesmos,chapter-10-the-war-of-pandesmos,draft,no,
Vecna: Eve of Ruin,vecna,chapters,Chapter 11: Eve of Ruin,chapter-11-eve-of-ruin,draft,no,
Vecna: Eve of Ruin,vecna,chapters,Chapter 4: The Ruined Colossus,chapter-4-the-ruined-colossus,active,no,
Vecna: Eve of Ruin,vecna,chapters,Chapter 5: Death House,chapter-5-death-house,draft,no,
Vecna: Eve of Ruin,vecna,chapters,Chapter 6: Night of Blue Fire,chapter-6-night-of-blue-fire,draft,no,
Vecna: Eve of Ruin,vecna,chapters,Chapter 7: Tomb of Wayward Souls,chapter-7-tomb-of-wayward-souls,draft,no,
Vecna: Eve of Ruin,vecna,chapters,Chapter 8: The Dragon Queen's Pride,chapter-8-the-dragon-queens-pride,draft,no,
Vecna: Eve of Ruin,vecna,chapters,Chapter 9: The Betrayer Revealed,chapter-9-the-betrayer-revealed,draft,no,
Vecna: Eve of Ruin,vecna,chapters,Death House,death-house,active,no,
Vecna: Eve of Ruin,vecna,chapters,Eve of Ruin,eve-of-ruin,active,no,
Vecna: Eve of Ruin,vecna,chapters,Introduction: Danger to the Multiverse,introduction-danger-to-the-multiverse,draft,no,
Vecna: Eve of Ruin,vecna,chapters,Night of Blue Fire,night-of-blue-fire,active,no,
Vecna: Eve of Ruin,vecna,chapters,Return from Neverdeath Graveyard,return-from-neverdeath-graveyard,active,no,
Vecna: Eve of Ruin,vecna,chapters,The Betrayer Revealed,the-betrayer-revealed,active,no,
Vecna: Eve of Ruin,vecna,chapters,The Dragon Queen's Pride,the-dragon-queens-pride,active,no,
Vecna: Eve of Ruin,vecna,chapters,The Lambent Zenith's Last Voyage,the-lambent-zeniths-last-voyage,active,no,
Vecna: Eve of Ruin,vecna,chapters,The Ruined Colossus,the-ruined-colossus,active,no,
Vecna: Eve of Ruin,vecna,chapters,The War of Pandesmos,the-war-of-pandesmos,active,no,
Vecna: Eve of Ruin,vecna,chapters,The Wizards Three,the-wizards-three,active,no,
Vecna: Eve of Ruin,vecna,chapters,Tomb of Wayward Souls,tomb-of-wayward-souls,active,no,
Vecna: Eve of Ruin,vecna,characters,Duskin Foxglove,duskin-foxglove,active,no,
Vecna: Eve of Ruin,vecna,characters,Manzat,manzat,active,no,
Vecna: Eve of Ruin,vecna,characters,Tari Reth,tari-reth,active,no,
Vecna: Eve of Ruin,vecna,characters,Ula Zorr,ula-zorr,active,no,
Vecna: Eve of Ruin,vecna,characters,Wankershim,wankershim,active,no,
Vecna: Eve of Ruin,vecna,npcs,Acererak,acererak,active,no,
Vecna: Eve of Ruin,vecna,npcs,Alustriel Silverhand,alustriel-silverhand,active,no,
Vecna: Eve of Ruin,vecna,npcs,Appendix B: Character Dossier,appendix-b-character-dossier,draft,no,
Vecna: Eve of Ruin,vecna,npcs,Kas,kas,active,no,
Vecna: Eve of Ruin,vecna,npcs,Kas the Betrayer,kas-the-betrayer,active,no,
Vecna: Eve of Ruin,vecna,npcs,Lady Alustriel Silverhand,lady-alustriel-silverhand,active,no,
Vecna: Eve of Ruin,vecna,npcs,Lolth,lolth,active,no,
Vecna: Eve of Ruin,vecna,npcs,Lord Soth,lord-soth,active,no,
Vecna: Eve of Ruin,vecna,npcs,Miska the Wolf-Spider,miska-the-wolf-spider,active,no,
Vecna: Eve of Ruin,vecna,npcs,Mordenkainen,mordenkainen,active,no,
Vecna: Eve of Ruin,vecna,npcs,Strahd von Zarovich,strahd-von-zarovich,active,no,
Vecna: Eve of Ruin,vecna,npcs,Tasha,tasha,active,no,
Vecna: Eve of Ruin,vecna,npcs,Tiamat,tiamat,active,no,
Vecna: Eve of Ruin,vecna,npcs,Vecna,vecna,active,no,
Vecna: Eve of Ruin,vecna,chapters,Chapter 1: Return from Neverdeath Graveyard,chapter-1-return-from-neverdeath-graveyard,active,yes,None
Vecna: Eve of Ruin,vecna,chapters,Chapter 2: The Wizards Three,chapter-2-the-wizards-three,active,yes,None
Vecna: Eve of Ruin,vecna,chapters,Chapter 3: The Lambent Zenith's Last Voyage,chapter-3-the-lambent-zeniths-last-voyage,active,yes,None
Keys from the Golden Vault,keys,chapters,Affair on the Concordant Express,affair-on-the-concordant-express,draft,no,
Keys from the Golden Vault,keys,chapters,Axe from the Grave,axe-from-the-grave,draft,no,
Keys from the Golden Vault,keys,chapters,Fire and Darkness,fire-and-darkness,draft,no,
Keys from the Golden Vault,keys,chapters,Heart of Ashes,heart-of-ashes,draft,no,
Keys from the Golden Vault,keys,chapters,Introduction–A Collection of Heists,introductiona-collection-of-heists,draft,no,
Keys from the Golden Vault,keys,chapters,Masterpiece Imbroglio,masterpiece-imbroglio,draft,no,
Keys from the Golden Vault,keys,chapters,Party at Paliset Hall,party-at-paliset-hall,draft,no,
Keys from the Golden Vault,keys,chapters,Prisoner 13,prisoner-13,draft,no,
Keys from the Golden Vault,keys,chapters,Reach for the Stars,reach-for-the-stars,draft,no,
Keys from the Golden Vault,keys,chapters,Shard of the Accursed,shard-of-the-accursed,draft,no,
Keys from the Golden Vault,keys,chapters,The Murkmire Malevolence,the-murkmire-malevolence,completed,no,
Keys from the Golden Vault,keys,chapters,The Stygian Gambit,the-stygian-gambit,draft,no,
Keys from the Golden Vault,keys,chapters,Tockworth's Clockworks,tockworths-clockworks,active,no,
Keys from the Golden Vault,keys,chapters,Vidorant's Vault,vidorants-vault,draft,no,
Keys from the Golden Vault,keys,characters,Aurora 'Tatiana' Jones,aurora-tatiana-jones,active,no,
Keys from the Golden Vault,keys,characters,"Eduardo ""Eddie"" Le Petomane",eduardo-eddie-le-petomane,active,no,
Keys from the Golden Vault,keys,characters,Foban Vatsk,foban-vatsk,active,no,
Keys from the Golden Vault,keys,characters,Sister Kassira,sister-kassira,active,no,
Keys from the Golden Vault,keys,npcs,Meera Raheer,meera-raheer,active,no,
